Component,Variation,Quantity,Link
XIAO ESP32-C3,-,1,https://s.click.aliexpress.com/e/_c3eOCW2h
WeAct 2.9inch E-Paper Display,2.9 inch,1,https://s.click.aliexpress.com/e/_c4pj5khn
603450 Li-Po Battery,-,1,https://s.click.aliexpress.com/e/_c3nU6hTJ
JST-PH Connector,2P,1,https://s.click.aliexpress.com/e/_c3N3rmhr
Rotary Encoder EC11,20mm D shaft,1,https://s.click.aliexpress.com/e/_c4pAwN4D
WS2812B NeoPixel LED 5050,-,1,https://s.click.aliexpress.com/e/_c4lxeFXX
PH3.5 Low Profile Pin Connector,"2x4 Male, 2x4 Female",2,https://s.click.aliexpress.com/e/_c2u2lpcp
0805 Resistor,1M,2,https://s.click.aliexpress.com/e/_c4bDhEHP
0805 Resistor,330,1,https://s.click.aliexpress.com/e/_c4bDhEHP
0805 Resistor,10K,3,https://s.click.aliexpress.com/e/_c4bDhEHP
0805 Capacitor,470nF,1,https://s.click.aliexpress.com/e/_c2xbXOcz
0805 Capacitor,100uF,1,https://s.click.aliexpress.com/e/_c2xbXOcz
